ReturnID,OrderNum,ItemID,Quantity,ReasonID
1,2626,7658,2,1
2,1544,941,3,3
3,2670,9816,1,4
4,5195,3870,2,2
5,805,7069,1,3
6,1105,6941,1,4
7,3128,2260,3,2
8,6879,8711,2,3
9,4828,7543,1,3
10,2008,1953,2,4
11,6333,7016,2,1
12,2938,8424,3,2
13,345,1485,3,1
14,490,5447,2,4
15,292,2086,1,1
16,3641,3317,1,3
17,4855,5005,2,3
18,3783,3659,3,3
19,1654,3021,3,4
20,6471,5802,2,2
21,3991,5429,2,3
22,1146,2656,3,3
23,3357,6999,1,1
24,118,6011,1,2
25,5379,6342,1,1
26,3915,2370,1,1
27,2649,1885,3,3
28,4376,7418,2,4
29,1757,5326,2,2
30,4569,2062,1,2
31,3647,7893,3,1
32,1687,5577,3,1
33,698,2910,2,4
34,1413,6907,1,3
35,3228,8377,2,2
36,3293,8662,1,2
37,5584,8772,3,2
38,365,7445,2,2
39,1124,1585,1,1
40,1858,9237,1,1
41,179,6497,1,2
42,2637,7719,2,1
43,2448,4982,3,4
44,6241,4659,3,1
45,3493,5171,3,2
46,4219,3931,1,1
47,5754,5412,3,1
48,5771,1870,3,2
49,1837,3088,2,4
50,5383,6722,1,4
51,154,8786,2,1
52,65,6245,3,4
53,752,7051,3,1
54,461,5244,3,3
55,471,7878,1,1
56,3517,3533,3,4
57,2434,8963,3,1
58,677,1946,3,2
59,2773,1676,1,3
60,870,3128,3,4
61,3343,1259,2,4
62,3375,2333,3,2
63,131,3511,2,1
64,5616,2326,3,3
65,5367,7681,1,1
66,4917,3883,2,2
67,6896,9901,1,4
68,6696,3511,2,1
69,3692,4469,1,1
70,3942,9760,3,3
71,1457,1197,3,4
72,352,6197,3,2
73,6973,5412,1,4
74,5696,7732,1,3
75,2884,2710,2,4
76,1988,4830,1,1
77,2861,8413,1,2
78,673,3010,2,1
79,4419,5471,1,3
80,1565,7848,1,4
81,3021,1076,1,2
82,2318,1085,3,3
83,1398,4995,3,2
84,751,7566,2,2
85,5732,6681,2,2
86,3479,4757,3,1
87,5025,396,1,1
88,6894,232,3,2
89,1416,1143,3,2
90,5161,8032,1,4
91,6024,9006,1,4
92,2992,7490,3,1
93,4173,6431,3,4
94,4309,20,1,4
95,801,1484,1,1
96,1137,3536,1,1
97,1345,9815,1,3
98,4479,8908,3,4
99,5391,2023,3,4
100,3009,9524,2,1
101,471,8284,1,1
102,3411,8220,1,4
103,3529,861,3,3
104,487,9480,1,3
105,2393,5830,1,3
106,3085,7645,3,4
107,5947,4990,3,4
108,4470,8313,2,1
109,6856,1898,2,1
110,356,1907,2,4
111,420,7164,2,3
112,585,5865,2,2
113,2555,956,2,4
114,5635,1038,1,3
115,5789,9385,2,4
116,5363,13,1,4
117,1864,1806,1,4
118,1744,7576,3,2
119,4363,1661,3,1
120,5726,416,2,3
121,6169,8323,3,1
122,2295,4080,1,4
123,6046,2161,2,4
124,1087,7094,1,1
125,3672,760,3,3
126,6362,9360,1,2
127,5507,4064,3,2
128,3261,3336,3,2
129,5209,4079,1,1
130,113,276,1,2
131,7,7878,3,2
132,5665,2453,3,3
133,1251,3760,2,3
134,6042,2080,2,4
135,6544,7998,3,4
136,4178,3809,3,2
137,4730,2295,1,3
138,4422,7385,2,2
139,587,6518,1,4
140,3578,5183,2,2
141,5525,6929,2,2
142,3027,9955,1,3
143,5252,6823,2,4
144,6864,517,3,4
145,6176,8456,2,3
146,4221,3012,1,2
147,1898,6069,1,4
148,2238,6765,2,4
149,5178,531,2,2
150,4982,5437,2,1
151,3103,7285,3,4
152,4984,6874,2,3
153,2370,5725,1,3
154,4524,3450,1,1
155,1451,2368,3,1
156,5332,6848,3,2
157,85,23,2,1
158,1976,1964,1,2
159,76,2808,3,2
160,4782,6254,1,3
161,489,9257,1,3
162,2773,5570,3,4
163,4795,5849,3,3
164,6618,4406,2,2
165,6853,9117,2,4
166,1046,7308,3,3
167,940,846,2,2
168,916,5662,2,3
169,4318,1348,1,1
170,5049,8728,3,3
171,5713,522,3,2
172,5164,5113,2,1
173,1009,4139,1,1
174,4230,8204,2,1
175,540,9654,1,4
176,4248,781,2,4
177,6389,1032,3,2
178,1139,3491,3,2
179,2051,8189,2,1
180,224,8025,1,4
181,1990,3198,3,4
182,1842,9508,3,1
183,5649,2095,3,2
184,2570,1204,2,3
185,2607,3320,1,3
186,6626,1825,1,3
187,1668,7629,3,2
188,3958,8629,3,3
189,4725,4415,1,2
190,1798,8054,2,2
191,3303,1561,3,3
192,4360,2155,3,1
193,2820,9545,2,1
194,6000,3725,1,1
195,4260,7705,2,1
196,2027,5328,2,3
197,430,7123,1,4
198,5236,6128,2,4
199,2564,9641,2,4
200,6080,3471,1,2
201,192,1160,2,1
202,1820,9722,3,2
203,1238,2820,2,4
204,5566,813,1,3
205,5806,6219,1,3
206,2185,7683,3,2
207,606,8934,3,3
208,4282,8483,1,2
209,3367,5388,2,4
210,3828,1244,3,3
211,730,5538,2,4
212,773,4398,3,2
213,1310,6245,2,4
214,3596,2297,3,3
215,3536,9262,3,1
216,1078,1528,3,2
217,6119,2751,2,2
218,2939,8224,1,3
219,3827,9847,3,3
220,4353,946,3,4
221,3398,8332,2,1
222,4415,1330,1,4
223,5877,5929,3,4
224,3404,2442,2,1
225,6195,6267,1,1
226,1462,1531,3,4
227,3226,215,2,1
228,4105,8147,3,3
229,3610,2888,1,1
230,2022,3815,2,1
231,1060,4441,1,1
232,130,5280,1,1
233,668,2528,3,4
234,5084,7175,2,2
235,4168,6994,3,3
236,2503,8065,2,1
237,3674,508,3,4
238,4518,4418,2,3
239,2876,6109,1,2
240,201,5855,3,2
241,464,5727,3,2
242,5947,1962,3,1
243,4131,4398,2,3
244,1963,2426,3,2
245,2826,2962,3,4
246,6294,5542,1,4
247,1607,1010,2,4
248,5080,2604,1,4
249,348,5784,1,1
250,6574,9153,1,2
251,5985,4113,2,3
252,5853,6841,1,3
253,4487,7312,3,2
254,2848,449,1,2
255,5498,5432,2,3
256,6649,7287,1,3
257,4792,7452,1,3
258,5998,874,3,4
259,3308,1234,1,2
260,3849,8992,1,1
261,5976,2499,3,2
262,410,2700,1,4
263,6014,4044,3,1
264,6090,5464,3,4
265,1226,4420,2,3
266,2463,8562,3,4
267,6756,3023,1,3
268,751,894,3,2
269,5797,7713,3,2
270,4385,8266,3,1
271,6661,5946,2,2
272,5966,4101,2,3
273,4634,4592,1,3
274,6667,1198,1,4
275,5776,5906,1,3
276,5255,222,1,3
277,4474,1242,1,1
278,2176,1780,1,1
279,256,7929,3,1
280,1808,7263,1,2
281,4596,2296,1,1
282,670,1372,1,4
283,2377,2176,1,3
284,3017,6354,1,1
285,4076,3785,1,3
286,2738,9994,1,3
287,727,8560,1,2
288,5289,4087,3,4
289,6778,1517,2,4
290,5956,9137,2,2
291,2811,5335,3,2
292,2167,9533,2,3
293,3809,4928,2,2
294,24,4801,3,3
295,5087,6924,1,4
296,6312,3028,3,1
297,3828,2019,1,3
298,1430,4486,2,4
299,4059,8742,2,3
300,112,7988,2,1
301,2652,1985,3,4
302,5826,7971,1,4
303,2256,1220,2,2
304,4686,5269,2,1
305,2123,5085,1,3
306,6463,4049,3,4
307,3088,2446,1,1
308,3657,313,3,2
309,4370,4793,2,1
310,4585,101,2,4
311,158,1447,3,4
312,6048,5167,2,4
313,5164,3563,3,1
314,2283,8446,3,2
315,4429,924,3,1
316,2117,5204,3,4
317,3564,1688,1,3
318,6809,3581,3,4
319,2102,4361,1,1
320,2835,134,3,1
321,5696,8388,3,3
322,4899,3458,1,2
323,6333,6656,2,2
324,2854,2156,3,4
325,6930,6230,1,4
326,2454,5295,1,4
327,1890,1464,3,4
328,1849,5763,1,3
329,1782,4026,1,1
330,1267,6037,3,4
331,2011,2119,2,4
332,1776,9294,3,1
333,5956,6260,2,3
334,6737,5690,1,1
335,3431,5915,1,2
336,1833,1788,1,2
337,3657,1723,3,4
338,2335,1290,1,4
339,861,8371,2,4
340,5614,5094,2,3
341,5921,7384,2,4
342,3517,1483,2,4
343,2534,9800,3,2
344,5102,2347,2,4
345,5547,627,3,2
346,5048,8644,1,4
347,4523,6326,2,4
348,2037,7767,1,2
349,6947,1071,1,4
350,4960,5542,3,1
351,6046,5053,1,4
352,5933,6599,2,3
353,286,5168,1,3
354,4787,7427,3,4
355,5515,5315,2,4
356,6820,778,3,4
357,3754,9272,2,1
358,3047,9420,3,1
359,6365,9686,3,3
360,6195,9412,3,1
361,390,8755,2,1
362,2285,8422,3,3
363,3662,6265,3,2
364,4548,6310,3,3
365,324,5268,2,3
366,3390,9488,1,1
367,5894,445,3,3
368,2754,6251,2,3
369,4873,9544,1,1
370,4744,2206,3,1
371,6997,2888,1,1
372,6786,5151,1,4
373,6764,753,3,3
374,5843,751,3,1
375,1027,5685,3,4
376,3770,5153,1,2
377,6500,7596,2,3
378,2392,477,3,4
379,6376,6834,1,2
380,6452,5338,3,1
381,649,682,1,1
382,2225,6536,3,2
383,4226,6879,3,3
384,5818,4674,1,2
385,4185,4416,2,4
386,1063,1714,2,2
387,3604,6766,2,1
388,4049,466,2,2
389,4004,8002,1,1
390,3741,1251,2,1
391,5959,1671,1,4
392,226,8286,3,3
393,2413,1126,2,1
394,2842,3466,3,3
395,3162,9331,1,4
396,2449,7759,3,1
397,2151,414,3,2
398,5572,2399,2,4
399,3660,934,2,4
400,5981,1611,3,1
401,6884,4891,1,2
402,6260,7024,3,1
403,1335,2100,1,1
404,6974,6837,3,1
405,2625,324,1,3
406,2190,4327,2,4
407,415,2023,1,2
408,3647,3770,2,2
409,6423,2714,1,4
410,4049,3285,1,3
411,1961,9718,2,3
412,5213,5137,1,2
413,1299,7986,1,2
414,1684,72,3,3
415,2531,5160,2,4
416,6614,3737,2,1
417,2055,3649,1,4
418,1741,1189,1,1
419,1496,1105,1,2
420,4738,260,2,3
421,640,3060,3,3
422,4093,7328,3,3
423,848,5295,2,2
424,6716,2654,1,1
425,414,8487,2,3
426,1391,3104,2,2
427,5354,4405,1,2
428,4045,9200,1,2
429,6794,8714,1,2
430,6449,3560,2,1
431,787,6132,1,3
432,3052,2042,1,2
433,4238,8627,2,2
434,6537,7662,3,1
435,6424,4339,2,4
436,6155,5743,2,1
437,2375,4388,1,3
438,5087,3559,2,4
439,6438,7967,2,2
440,667,5266,1,2
441,5015,2672,2,3
442,2948,9322,3,4
443,5702,7092,3,3
444,68,7498,2,4
445,5765,9039,1,1
446,3079,9822,1,2
447,2422,2566,2,3
448,6774,5053,3,2
449,2427,1639,1,4
450,3716,6038,2,3
451,4701,1871,2,1
452,5749,9578,1,1
453,5489,6462,1,2
454,1826,9285,3,4
455,5854,3562,1,4
456,5116,4367,1,2
457,5080,6358,1,4
458,5469,5424,3,3
459,5548,1190,1,4
460,5574,4893,2,4
461,1072,1194,2,3
462,4572,265,1,3
463,5547,6898,1,3
464,4895,5318,1,1
465,1590,5624,3,2
466,126,9174,1,4
467,6906,9095,1,3
468,2736,1332,1,4
469,4282,1107,3,1
470,3071,1743,3,1
471,5489,4033,2,2
472,4536,3085,1,3
473,6393,9321,2,4
474,2080,9195,2,2
475,4704,1995,1,4
476,5530,8424,1,2
477,2185,8889,2,4
478,5530,1580,1,1
479,5912,7511,3,1
480,297,7602,2,4
481,3139,6796,2,2
482,5649,2821,3,1
483,3126,9917,1,1
484,1084,6659,1,1
485,2537,7676,2,2
486,4911,7141,2,2
487,4421,9379,2,1
488,3103,8811,1,4
489,6239,3396,1,4
490,1713,4039,2,4
491,5000,3721,2,3
492,56,4235,3,4
493,3216,6872,2,3
494,6638,3714,3,3
495,1458,7816,3,3
496,4025,2963,2,4
497,2785,1815,3,2
498,1660,771,1,3
499,2166,3897,2,3
500,5276,1760,3,2
501,92,4432,3,4
502,4930,5396,2,1
503,244,5906,1,2
504,3250,7247,3,2
505,3287,8203,3,4
506,6606,3793,3,1
507,4159,742,2,2
508,3236,8039,1,3
509,3631,8165,3,2
510,5347,1910,2,1
511,2921,649,1,4
512,6137,6930,2,1
513,1911,5740,1,4
514,2610,3942,1,3
515,7000,7798,3,4
516,1611,2828,3,3
517,3659,1673,2,2
518,5872,4724,1,4
519,1680,4391,3,1
520,1666,939,3,4
521,2560,6188,3,3
522,1488,6886,1,2
523,4542,3173,1,2
524,6729,4380,3,1
525,4581,2995,3,1
526,6076,879,1,3
527,4231,3636,1,1
528,20,5302,1,4
529,5606,3523,1,3
530,5089,2121,2,2
531,5893,186,3,3
532,6338,194,3,1
533,61,1447,1,2
534,6872,548,1,3
535,3972,7024,3,3
536,6763,1503,2,2
537,2092,9751,2,3
538,4490,9232,2,3
539,2025,4422,3,2
540,3744,4478,2,4
541,781,2972,2,4
542,2906,9925,1,4
543,6341,484,1,1
544,3180,9100,2,4
545,5653,3887,3,1
546,5695,5078,2,1
547,4814,2520,3,2
548,4425,8328,2,1
549,4550,1635,2,2
550,2717,4503,1,1
551,2344,4684,2,3
552,3903,7527,1,4
553,4877,6245,3,2
554,1100,649,3,4
555,841,2005,1,2
556,4200,4906,1,1
557,3855,7354,2,3
558,4564,5227,2,1
559,4896,8867,2,3
560,3058,9667,2,3
561,4530,3143,3,2
562,3207,9729,3,1
563,2478,517,2,3
564,917,6748,1,2
565,6876,5598,2,1
566,5720,6584,3,2
567,2458,1300,3,1
568,1295,755,1,1
569,3659,3475,1,1
570,6123,4130,3,3
571,1630,6712,1,1
572,1221,4722,2,4
573,1779,3973,2,4
574,6740,2702,2,3
575,6982,7102,2,3
576,3165,6300,2,3
577,1977,9553,2,1
578,1137,1505,1,1
579,4447,1139,1,2
580,5406,4895,1,3
581,6196,7972,1,2
582,6147,272,2,3
583,775,5788,3,1
584,6617,6986,3,2
585,2611,5251,3,1
586,2348,3857,2,2
587,1979,5032,3,2
588,3601,7395,2,3
589,6339,4840,3,3
590,2902,4445,3,2
591,2953,180,3,1
592,621,9005,2,2
593,6589,6819,1,4
594,4204,9612,1,3
595,4429,3592,3,3
596,5842,1300,1,3
597,1627,8281,3,2
598,4930,3985,1,3
599,4451,6507,1,4
600,4705,6214,2,1
601,6323,1527,2,4
602,1692,3713,3,1
603,4374,4931,1,1
604,2560,8919,3,4
605,4956,2947,3,2
606,910,9685,1,4
607,1929,3856,2,1
608,611,6266,2,4
609,6453,2434,1,3
610,5440,1858,1,1
611,3751,71,2,4
612,3363,7599,1,4
613,6172,4595,3,3
614,6335,20,3,4
615,6840,5270,2,4
616,6264,9413,2,3
617,2736,1655,1,1
618,1580,1755,2,1
619,2944,6151,1,4
620,6526,914,2,2
621,5196,3832,2,4
622,506,7013,3,1
623,3167,7062,2,4
624,2570,5068,3,3
625,4266,6684,3,4
626,5095,5283,1,4
627,39,9931,1,3
628,4868,8261,3,1
629,6037,419,2,1
630,4026,5529,2,4
631,5703,3759,1,2
632,1175,5034,1,1
633,2410,2980,1,3
634,5287,8289,3,2
635,6663,1706,1,2
636,4765,765,2,2
637,6147,9166,1,1
638,6268,5510,3,3
639,992,4060,3,4
640,5710,9553,3,1
641,33,9363,2,1
642,6898,411,3,4
643,908,9784,2,3
644,4926,9141,1,1
645,4349,7925,1,3
646,760,1007,2,3
647,1592,8583,3,2
648,6092,9505,2,3
649,2872,8051,3,3
650,5082,2247,2,3
651,2650,2510,3,4
652,6592,6751,3,2
653,135,3617,3,2
654,2494,8645,3,4
655,1218,4186,3,1
656,6439,3858,1,1
657,3148,7745,2,3
658,5941,668,2,1
659,6790,4748,3,2
660,6500,4598,1,3
661,223,7409,3,4
662,3284,6294,2,3
663,4289,2044,2,3
664,1633,9176,1,2
665,4453,8667,1,3
666,3424,3856,3,2
667,4952,5694,1,2
668,2608,7909,1,4
669,362,9160,2,3
670,2504,8414,2,3
671,1379,7130,1,2
672,6769,802,1,3
673,6025,36,2,3
674,2096,5452,2,2
675,2922,5695,2,2
676,3490,9839,3,3
677,3957,7730,2,3
678,5773,2168,3,2
679,6869,9667,1,2
680,4828,736,2,3
681,1991,4803,3,2
682,6693,3422,1,4
683,5789,2579,1,1
684,3888,9858,3,3
685,1942,8559,1,1
686,3573,5809,1,4
687,1317,476,2,1
688,6784,9885,3,1
689,5500,2145,3,1
690,6115,4689,2,3
691,4459,2355,1,2
692,1495,4059,3,1
693,3908,5156,2,1
694,6463,1238,3,2
695,5108,3372,3,4
696,4610,2260,1,1
697,420,3536,1,3
698,1320,6558,2,4
699,5507,5322,2,3
700,6182,8363,3,4
701,2878,5626,1,1
702,1344,4169,2,2
703,5126,2574,1,4
704,5652,9131,1,2
705,1156,1294,2,1
706,5661,6027,1,3
707,3350,889,1,1
708,6395,4403,1,1
709,5903,9822,1,4
710,5699,5984,1,2
711,283,6848,1,2
712,525,9034,1,4
713,5433,2985,1,3
714,6234,9771,1,3
715,2094,3690,3,1
716,2001,2734,2,3
717,6630,8057,3,4
718,2135,8132,2,1
719,1127,7794,3,4
720,744,6356,2,1
721,6842,4907,2,4
722,4529,7096,3,4
723,2012,5003,2,4
724,3269,5631,3,3
725,1065,5686,3,3
726,5806,2860,3,2
727,4541,550,2,2
728,6483,4932,1,4
729,712,3243,2,2
730,6332,755,1,3
731,2503,3212,1,4
732,568,775,1,4
733,5581,6242,1,3
734,4641,3517,1,2
735,5583,8809,2,4
736,110,9478,3,4
737,6494,6834,2,2
738,578,9088,3,2
739,1466,1060,3,2
740,5429,1158,3,2
741,1920,9391,3,4
742,2891,7742,3,2
743,6511,7387,2,4
744,3767,8529,3,1
745,4908,5369,3,2
746,5416,558,2,1
747,3247,5373,3,3
748,5616,1068,2,4
749,3067,7803,2,1
750,4320,3425,1,1
751,3824,7928,2,3
752,4702,9176,1,3
753,1552,664,2,3
754,5128,4456,2,2
755,262,3866,3,2
756,933,6241,2,4
757,3836,1624,1,2
758,4921,9326,2,2
759,4049,6802,2,2
760,3682,4495,2,1
761,406,1327,2,4
762,252,9470,3,2
763,4743,2858,3,2
764,5576,6123,3,1
765,3976,3009,1,1
766,2680,9518,2,1
767,3226,3895,3,3
768,3218,6952,3,3
769,4731,5366,1,4
770,4767,8488,2,3
771,6697,7361,2,4
772,2841,2222,2,3
773,2795,8396,2,1
774,6817,7467,3,3
775,4541,1919,2,3
776,5171,297,3,1
777,1708,8154,1,1
778,5880,8343,2,4
779,6057,1062,1,3
780,3831,7587,2,1
781,4995,3734,2,3
782,5779,2573,3,3
783,455,2308,1,4
784,1090,5824,2,2
785,4965,9951,2,1
786,2914,4615,1,2
787,2579,8943,3,3
788,2602,2693,1,2
789,2823,6870,3,4
790,1534,5147,2,3
791,4550,3138,3,3
792,6362,5462,1,2
793,2684,1689,3,1
794,2935,9479,3,3
795,4125,3424,2,3
796,3617,3984,2,1
797,4389,3047,3,4
798,5963,3938,3,1
799,4569,7880,3,2
800,4436,9636,1,3
801,4651,5277,3,4
802,3328,8830,3,2
803,495,7660,3,1
804,6561,7392,2,2
805,3868,3025,2,4
806,370,6869,3,3
807,1902,1342,1,1
808,1491,8656,1,3
809,4127,1462,2,1
810,4507,2025,1,1
811,5555,7275,3,3
812,5017,9148,1,3
813,4336,4366,3,1
814,5902,8860,3,2
815,4057,5580,1,1
816,5470,1136,2,4
817,2829,3336,1,4
818,1916,4802,3,4
819,4198,2907,3,4
820,364,5217,3,1
821,5991,4183,1,1
822,6001,2737,1,2
823,357,1676,2,3
824,4935,5288,3,2
825,3691,5087,2,3
826,894,9737,2,2
827,3187,1911,1,2
828,2357,6104,1,3
829,1949,3195,1,4
830,1819,5293,3,4
831,2192,1119,1,2
832,6145,6755,1,3
833,3933,4536,1,1
834,2778,1093,3,1
835,5660,5114,2,4
836,3482,6320,3,2
837,6081,8370,1,3
838,3099,6259,3,4
839,6647,5041,2,3
840,1456,1263,3,2
841,2308,869,3,2
842,4940,4838,1,1
843,5904,6760,3,3
844,6273,1921,2,4
845,5870,8108,3,2
846,5577,5210,1,3
847,5797,4201,1,2
848,24,3936,2,2
849,5288,1888,2,3
850,3879,7980,2,3
851,6069,3564,3,1
852,6218,4913,3,3
853,5363,4291,1,4
854,215,5781,1,1
855,2621,6693,1,4
856,6038,3415,3,3
857,6361,6191,3,3
858,814,8854,1,2
859,2536,4094,2,4
860,1527,2225,1,3
861,3380,6594,3,4
862,672,1477,3,1
863,5030,9518,2,4
864,1051,1572,3,2
865,1557,6797,3,1
866,1648,325,1,4
867,6721,5954,3,2
868,2162,8652,3,2
869,4956,5991,2,1
870,1145,6154,2,2
871,2311,5128,1,3
872,4323,8684,1,2
873,1452,5288,3,3
874,1335,1541,1,3
875,198,8212,1,4
876,3720,2761,3,1
877,6765,2983,3,3
878,3016,5106,2,2
879,5589,1435,3,3
880,6211,3603,2,4
881,179,2968,2,3
882,5549,2861,2,2
883,3097,5300,3,2
884,5591,8579,1,1
885,3271,1942,3,2
886,3272,8426,3,1
887,6558,3290,3,3
888,5437,8852,1,4
889,2353,3628,3,4
890,5857,8321,1,2
891,1311,755,2,1
892,3298,5361,3,4
893,2204,4016,3,4
894,5031,4774,2,1
895,3917,8124,2,1
896,5063,2795,2,3
897,4152,4140,3,2
898,245,8463,3,4
899,3707,3599,2,4
900,4657,9277,1,1
901,6402,5158,3,3
902,5060,1970,2,2
903,446,1721,3,1
904,5303,4906,3,1
905,4258,4631,2,2
906,4278,4127,3,2
907,4619,6497,3,4
908,3404,9243,2,3
909,6647,1622,1,4
910,3034,3312,1,2
911,305,1437,1,4
912,5462,1193,1,1
913,5573,4305,2,3
914,2947,7056,3,4
915,4719,4383,2,1
916,3025,4330,2,2
917,4296,8564,2,2
918,6945,2730,3,2
919,2932,4593,2,4
920,83,3175,2,1
921,2128,6449,3,1
922,3572,4452,3,1
923,2198,6812,1,2
924,3596,373,2,1
925,5122,6047,1,1
926,4873,1913,1,1
927,2471,2265,2,1
928,3766,6330,2,4
929,2187,6669,1,4
930,1081,8753,1,3
931,5230,576,1,1
932,5246,3476,2,2
933,12,4081,2,2
934,889,4527,2,3
935,2403,2916,1,2
936,892,9901,1,1
937,3661,9940,2,3
938,5728,8132,1,1
939,6658,3016,2,3
940,5741,6242,3,3
941,5720,9277,3,4
942,6120,9977,3,3
943,2245,9580,2,1
944,5561,1476,3,2
945,2125,5153,2,3
946,4486,9227,1,2
947,2884,3059,2,3
948,5047,6168,2,2
949,3312,4272,2,1
950,6967,1648,1,1
951,5830,4155,1,1
952,3856,4517,3,2
953,6328,6220,2,2
954,4435,1016,2,2
955,3034,2652,1,2
956,4446,5397,2,4
957,1557,3247,3,2
958,3634,3558,3,1
959,1771,426,2,4
960,6822,5776,2,3
961,2568,1808,1,3
962,4823,2459,3,1
963,3687,5344,3,1
964,2741,568,1,3
965,2238,6347,3,3
966,2080,1325,1,2
967,3922,9258,1,2
968,2274,2793,1,2
969,2344,8010,3,1
970,2781,3154,1,3
971,3084,7108,3,3
972,6034,7862,1,3
973,6885,3730,3,2
974,5746,7958,3,2
975,2414,8801,3,2
976,4114,6658,3,2
977,933,5852,3,4
978,1807,8457,2,2
979,6023,6708,3,2
980,6531,9572,3,2
981,154,9545,3,4
982,2749,3680,1,3
983,1380,2199,2,3
984,3358,4850,1,3
985,4158,2091,3,1
986,4544,9017,2,2
987,709,5525,3,4
988,2240,5586,1,3
989,6804,3628,3,1
990,1075,4872,3,3
991,910,8710,2,3
992,2573,5972,3,1
993,2097,950,1,3
994,6056,9254,2,4
995,6662,6832,1,3
996,705,761,1,2
997,3452,1021,1,2
998,3312,9943,1,4
999,5719,4260,2,2
1000,3296,2483,3,2
1001,5270,2951,2,4
1002,217,9750,3,1
1003,1752,7631,1,3
1004,3908,6013,3,1
1005,3509,1194,2,2
1006,4637,2597,2,1
1007,6836,4039,2,3
1008,4042,7896,3,2
1009,1395,9696,3,3
1010,2431,9900,2,1
1011,6881,6858,1,1
1012,75,8018,2,1
1013,6583,6433,3,4
1014,40,8095,3,2
1015,5658,4615,2,3
1016,4853,3507,1,2
1017,3016,3895,1,4
1018,6917,7335,1,3
1019,249,6154,3,4
1020,1785,591,2,4
1021,4401,7280,2,3
1022,4799,365,2,1
1023,310,2481,2,1
1024,2330,3644,1,2
1025,2927,5154,3,3
1026,2028,3591,2,1
1027,5435,9545,2,3
1028,5790,6218,3,3
1029,1599,2151,3,4
1030,3365,2034,2,4
1031,1496,7200,1,3
1032,5323,662,2,2
1033,714,8282,2,2
1034,6928,3942,3,2
1035,6156,4108,3,2
1036,2310,8143,3,3
1037,5328,5123,1,1
1038,5130,8860,3,1
1039,2201,1676,1,3
1040,5727,6961,2,1
1041,4738,8688,3,2
1042,669,113,1,4
1043,4759,5265,2,1
1044,1444,6583,3,1
1045,5218,1870,1,3
1046,4988,5829,2,2
1047,1303,3174,1,2
1048,6319,4564,1,2
1049,5903,3556,2,1
1050,5570,3380,1,2
1051,5445,9451,2,4
1052,1719,8242,2,3
1053,2581,7061,1,1
1054,223,9796,2,4
1055,5524,9476,3,3
1056,2227,3810,2,1
1057,2976,5155,1,4
1058,4154,9117,2,1
1059,251,4481,3,2
1060,3017,7773,3,3
1061,5538,974,1,1
1062,3603,8319,2,1
1063,1235,6554,1,4
1064,324,1546,1,2
1065,3455,4209,3,3
1066,653,222,1,4
1067,4279,694,3,1
1068,647,1549,2,4
1069,4808,1657,3,2
1070,2271,8614,1,1
1071,2660,7324,1,3
1072,6322,1150,1,4
1073,5615,2692,2,3
1074,4668,9779,2,3
1075,186,658,1,4
1076,2995,8435,3,4
1077,2545,7140,1,3
1078,6649,7785,3,3
1079,6600,550,3,4
1080,1193,1930,2,4
1081,6736,6895,1,3
1082,498,8653,2,2
1083,5935,2199,1,1
1084,4545,3356,3,1
1085,1851,8816,3,3
1086,432,4934,1,1
1087,1745,9990,1,4
1088,2717,9362,2,2
1089,6861,1447,2,4
1090,1895,263,1,2
1091,2730,5519,1,3
1092,5052,7442,1,2
1093,4029,9377,2,1
1094,3488,8595,2,4
1095,2543,852,2,4
1096,2884,2365,1,4
1097,5282,7703,2,3
1098,3818,9338,1,3
1099,385,3391,2,3
1100,5339,2517,3,3
1101,3820,27,2,1
1102,5896,6430,1,3
1103,6304,7328,2,1
1104,5393,640,3,1
1105,1983,4297,3,2
1106,5516,4246,3,3
1107,1910,8582,1,1
1108,5535,3617,1,3
1109,5046,7918,1,3
1110,3011,9113,3,3
1111,4434,1572,2,3
1112,4075,8070,2,2
1113,1585,622,1,3
1114,4097,8639,3,3
1115,2769,9888,3,2
1116,4827,6219,1,3
1117,4511,3093,2,3
1118,5144,7700,2,3
1119,4666,5544,2,4
1120,590,8282,1,3
1121,6377,4930,3,4
1122,3025,3332,2,2
1123,1055,9658,3,3
1124,38,8630,1,2
1125,1347,656,1,4
1126,5130,534,1,3
1127,1106,1351,2,2
1128,5506,1167,1,1
1129,4879,4705,3,3
1130,5273,3748,1,4
1131,4244,8624,1,2
1132,2642,7141,3,2
1133,6561,1139,2,1
1134,251,4420,2,4
1135,6166,893,3,3
1136,2676,6489,1,4
1137,6718,7238,2,3
1138,5414,9090,3,2
1139,3114,629,2,2
1140,3069,6837,1,1
1141,2840,3627,3,4
1142,3876,1029,2,3
1143,5997,3748,2,3
1144,2691,4951,1,3
1145,897,9824,1,4
1146,509,8534,2,3
1147,4490,8433,1,3
1148,458,7264,2,4
1149,5124,3896,2,2
1150,5898,4551,3,3
1151,4668,2017,3,2
1152,5621,1336,2,2
1153,4863,9493,2,1
1154,110,4270,3,2
1155,5759,6906,2,4
1156,360,5159,2,4
1157,2278,6263,3,3
1158,4394,1086,3,2
1159,5422,1195,3,4
1160,965,8660,2,3
1161,1318,3332,1,2
1162,1189,5764,3,1
1163,1833,5058,1,2
1164,3738,8453,2,4
1165,5063,8223,2,1
1166,1438,8572,3,2
1167,6386,6962,3,4
1168,1969,7919,1,3
1169,62,1100,1,4
1170,934,3061,2,1
1171,570,492,1,1
1172,1119,8158,3,4
1173,1066,1002,1,2
1174,1823,1271,3,3
1175,4034,7724,3,3
1176,2557,9235,3,3
1177,4201,6096,2,1
1178,3076,2551,1,1
1179,1628,6742,1,1
1180,286,4642,2,3
1181,881,8588,1,3
1182,320,7342,2,3
1183,4405,198,1,4
1184,1313,4747,1,4
1185,2678,7498,3,2
1186,1826,3962,1,3
1187,2342,7906,3,4
1188,6728,8803,2,2
1189,208,1655,3,3
1190,3285,161,1,2
1191,1060,9630,2,1
1192,4562,6886,2,1
1193,5052,2515,1,2
1194,5678,305,1,4
1195,5448,3586,3,2
1196,947,6198,2,2
1197,430,8194,1,1
1198,51,8890,3,3
1199,2209,761,2,4
1200,6064,3888,3,1
1201,2889,8487,2,1
1202,253,5448,2,4
1203,3258,8709,1,4
1204,1707,846,2,1
1205,3239,7190,2,1
1206,5275,2150,3,4
1207,2173,2403,2,2
1208,3238,6580,1,3
1209,4511,5654,1,1
1210,2242,3338,1,1
1211,1893,9933,3,3
1212,6045,9914,3,4
1213,1455,5289,3,4
1214,706,8518,1,3
1215,5843,3636,1,1
1216,4820,2269,3,4
1217,1583,3960,3,4
1218,89,4084,3,1
1219,2494,9769,3,4
1220,2757,487,3,3
1221,1330,9106,3,1
1222,3217,1491,3,3
1223,3540,1795,2,3
1224,5213,9789,2,3
1225,3593,8557,3,4
1226,361,3624,3,1
1227,6098,3653,2,3
1228,6035,8033,3,1
1229,4123,6143,3,4
1230,811,4973,2,1
1231,3320,1805,3,2
1232,5153,5118,3,2
1233,1842,5459,2,2
1234,4020,2737,3,4
1235,1621,380,3,3
1236,6373,987,3,1
1237,5557,190,1,1
1238,1079,9761,1,1
1239,5701,9015,2,1
1240,2116,3076,1,4
1241,6732,319,2,1
1242,5049,618,3,2
1243,3199,5191,1,4
1244,3793,6978,3,4
1245,6699,9769,3,4
1246,4384,7318,1,4
1247,910,5645,2,2
1248,906,2900,2,4
1249,2942,310,1,2
1250,2296,1487,2,1
1251,948,1821,3,1
1252,4897,5991,2,1
1253,6559,1908,3,1
1254,3486,9570,2,4
1255,2062,9058,1,3
1256,3421,1642,1,1
1257,1047,265,3,2
1258,2213,3111,1,1
1259,818,6036,3,1
1260,2688,6271,3,4
1261,6000,1140,1,3
1262,3863,7535,1,3
1263,241,2449,3,4
1264,842,1408,2,2
1265,2871,8081,1,4
1266,2742,9516,1,1
1267,4629,1760,2,3
1268,3520,8849,1,2
1269,2996,356,2,1
1270,3748,4162,3,3
1271,6169,4383,2,2
1272,5510,7108,1,1
1273,3923,9420,2,2
1274,2267,2841,2,4
1275,5226,6232,2,3
1276,5722,5680,3,4
1277,1281,6208,1,4
1278,4491,2497,1,3
1279,2950,2897,3,2
1280,1398,6493,1,1
1281,755,7691,3,2
1282,1211,4031,2,3
1283,4367,9362,3,3
1284,3763,5533,1,1
1285,3132,8805,1,4
1286,2524,831,2,4
1287,1979,1035,2,4
1288,4415,3920,3,3
1289,2393,5112,1,2
1290,5580,2729,3,2
1291,6160,5957,1,3
1292,115,3429,2,3
1293,3053,8117,2,3
1294,1942,5323,3,1
1295,796,5109,1,1
1296,6097,6222,3,4
1297,6600,3276,3,2
1298,4704,5149,1,4
1299,4151,4794,2,2
1300,5746,9604,1,2
1301,6541,9899,1,1
1302,3545,7203,2,3
1303,3041,8263,1,1
1304,38,951,1,1
1305,1026,6847,2,2
1306,3332,51,1,2
1307,269,9724,3,3
1308,6024,7864,3,4
1309,6098,9597,3,2
1310,6737,7926,1,1
1311,6885,7351,2,1
1312,6760,6286,2,2
1313,2801,8195,3,2
1314,5009,8777,1,3
1315,5356,6245,3,4
1316,3193,7947,2,1
1317,1191,8429,3,3
1318,1178,2945,1,4
1319,3453,197,3,1
1320,6021,1241,3,3
1321,5823,6490,3,1
1322,4489,9077,3,4
1323,5189,2154,3,2
1324,51,5208,2,2
1325,1975,3831,1,3
1326,4645,4312,3,2
1327,3628,2428,3,4
1328,4308,7829,3,3
1329,6435,7199,1,4
1330,5476,3609,1,3
1331,5606,5278,2,1
1332,2123,9333,2,1
1333,1544,44,2,1
1334,628,2753,3,2
1335,3029,3792,1,1
1336,1318,770,3,1
1337,6576,9175,1,1
1338,5337,4951,1,4
1339,4890,1338,3,1
1340,4255,8608,3,1
1341,115,8666,3,4
1342,1660,4520,3,4
1343,993,9044,1,1
1344,5735,314,2,1
1345,4144,5245,2,3
1346,2527,5409,1,1
1347,474,7473,1,4
1348,2263,5590,2,2
1349,4052,1378,2,1
1350,903,858,1,2
1351,2747,6327,1,3
1352,4388,1543,3,4
1353,3854,108,2,4
1354,1700,3343,2,4
1355,1261,1762,1,2
1356,5327,4423,2,3
1357,2463,8898,3,1
1358,6623,5156,2,4
1359,2296,6708,3,3
1360,1623,6002,3,2
1361,2060,6657,1,4
1362,5720,1891,2,1
1363,5084,2109,3,1
1364,3207,1126,2,4
1365,5836,3041,2,2
1366,3554,6348,2,2
1367,3260,7289,2,4
1368,4712,9629,1,2
1369,381,2881,1,2
1370,4772,8375,2,1
1371,5633,197,3,1
1372,5274,5631,2,1
1373,3237,6685,1,2
1374,151,6686,1,3
1375,3180,3026,2,1
1376,454,3392,1,3
1377,6087,9383,1,2
1378,4846,1425,3,2
1379,1533,5115,3,4
1380,5049,8768,3,2
1381,2139,9034,1,2
1382,2814,260,1,4
1383,87,8083,1,3
1384,2348,887,2,4
1385,1970,3930,3,1
1386,1120,6930,2,1
1387,2935,8085,1,1
1388,2708,6381,1,1
1389,290,7556,1,3
1390,4895,3292,2,3
1391,2257,5176,2,3
1392,1903,4973,1,4
1393,5434,111,2,3
1394,5992,1443,1,2
1395,1184,7658,3,2
1396,4831,6372,1,1
1397,5638,9650,1,3
1398,35,7378,1,2
1399,6841,3464,1,3
1400,1977,2263,3,1
1401,1233,8953,2,2
1402,2880,1292,3,2
1403,4756,6819,2,2
1404,5107,8852,2,4
1405,5337,8338,3,4
1406,6413,2229,1,4
1407,4316,2054,1,3
1408,1314,2808,3,4
1409,2957,4518,2,2
1410,829,7131,1,4
1411,4405,2788,3,3
1412,4077,3799,1,1
1413,4468,3536,1,1
1414,2805,9725,2,4
1415,121,6019,3,3
1416,789,8435,1,2
1417,2129,2096,1,3
1418,3562,7359,3,1
1419,5951,4843,2,1
1420,5701,4712,2,1
1421,2940,9279,3,4
1422,6342,9032,3,1
1423,6211,662,3,3
1424,3777,2489,1,4
1425,719,1040,1,4
1426,484,397,1,1
1427,304,7039,3,3
1428,2998,5380,2,4
1429,3520,1914,2,2
1430,6827,7680,1,4
1431,1569,7843,2,4
1432,1453,3613,3,4
1433,4551,1625,2,4
1434,3849,2165,1,2
1435,2869,2303,3,1
1436,4171,1676,2,3
1437,1447,484,3,3
1438,2290,5704,3,4
1439,631,2714,3,1
1440,2782,6949,2,2
1441,1024,6228,2,3
1442,2585,8436,3,1
1443,1495,8384,2,4
1444,924,5467,2,3
1445,5899,399,1,3
1446,4380,1457,3,4
1447,6445,167,3,1
1448,3143,4495,3,2
1449,4142,4796,1,2
1450,957,6546,1,1
1451,5120,7641,2,4
1452,6982,9250,3,3
1453,6081,4124,1,1
1454,2527,7673,3,1
1455,2858,7335,2,4
1456,5708,2314,3,2
1457,572,2633,2,4
1458,6707,2696,2,2
1459,5209,8776,1,3
1460,818,4938,3,2
1461,6708,1989,3,2
1462,10,2976,3,1
1463,3270,5997,1,3
1464,5728,4207,1,2
1465,4582,1404,1,1
1466,3668,1282,3,3
1467,5293,8514,3,2
1468,193,3534,3,2
1469,3323,2309,1,4
1470,3020,2512,3,1
1471,5195,8477,1,3
1472,3666,5572,3,3
1473,1480,6770,3,2
1474,1229,9716,2,1
1475,6040,1657,2,3
1476,1154,4701,1,2
1477,3279,885,3,4
1478,6259,9417,2,1
1479,1370,5050,2,3
1480,3955,4285,1,2
1481,1917,5233,2,4
1482,2977,4626,1,4
1483,5782,6629,3,2
1484,6420,9348,1,2
1485,16,1859,1,4
1486,3656,6217,2,4
1487,934,3061,2,4
1488,4502,1420,3,1
1489,5097,1037,2,1
1490,4052,8480,1,3
1491,3212,1885,2,3
1492,6813,5544,2,1
1493,1378,2266,1,3
1494,648,6917,2,3
1495,3174,5930,3,2
1496,5245,5215,2,4
1497,1978,2095,1,3
1498,4802,2720,1,4
1499,2772,7703,1,2
1500,6181,9147,3,4
1501,1741,4610,2,2
1502,5083,8804,1,2
1503,2721,7008,1,3
1504,955,4044,1,2
1505,5845,9076,3,4
1506,384,2502,3,3
1507,4934,884,3,2
1508,6273,82,2,4
1509,2742,3249,2,4
1510,746,3925,1,4
1511,5058,4443,3,4
1512,1289,6637,1,1
1513,3971,4571,3,2
1514,6894,7424,3,3
1515,3792,4266,3,2
1516,6507,3087,2,2
1517,3574,5756,3,3
1518,3377,8900,3,2
1519,5402,504,1,2
1520,2024,8554,2,1
1521,5154,1561,1,2
1522,6656,8531,3,2
1523,378,5759,3,4
1524,6800,9735,2,1
1525,3888,1073,2,2
1526,2128,4159,1,2
1527,561,5025,2,4
1528,2156,5731,2,3
1529,4946,1531,1,2
1530,1280,7082,3,2
1531,6622,4841,3,2
1532,2380,7411,2,1
1533,5940,8009,3,4
1534,865,3593,2,1
1535,6549,9645,1,2
1536,4444,2177,3,4
1537,3869,5010,2,1
1538,3217,1932,2,1
1539,1531,9078,2,4
1540,3353,5533,3,1
1541,4519,3517,3,4
1542,4878,718,3,1
1543,3278,6243,1,1
1544,2509,2592,2,2
1545,6607,8653,2,4
1546,3197,4670,3,4
1547,5435,5417,2,4
1548,1200,4852,2,1
1549,4725,8361,2,2
1550,4305,4361,2,1
1551,5310,5292,1,4
1552,427,8546,1,4
1553,1232,1003,2,4
1554,5024,8180,2,1
1555,3139,5722,2,2
1556,4469,5531,1,3
1557,4517,2991,3,2
1558,6246,66,1,4
1559,2116,3893,1,2
1560,1401,1378,2,4
1561,4450,8664,2,3
1562,799,4113,1,2
1563,6915,1951,2,1
1564,780,9723,1,2
1565,944,9431,2,2
1566,6035,8467,3,2
1567,2709,4282,3,1
1568,6826,830,3,3
1569,4203,8288,1,4
1570,2811,6964,1,4
1571,2991,9830,1,1
1572,5936,1570,3,2
1573,2767,9417,1,4
1574,5223,2321,1,2
1575,764,5965,1,2
1576,3377,2728,1,4
1577,5860,7349,3,4
1578,745,1312,2,1
1579,5910,3322,2,4
1580,924,6256,1,3
1581,4601,3586,1,4
1582,2038,4659,2,2
1583,2280,7669,2,1
1584,1216,1072,2,1
1585,3781,2936,1,1
1586,6071,8945,3,2
1587,2039,6521,1,1
1588,4927,5407,1,3
1589,6629,1092,3,3
1590,1494,3171,1,1
1591,1184,4503,3,3
1592,2886,2015,3,1
1593,5844,3016,3,2
1594,2391,5011,2,2
1595,2026,7485,2,1
1596,4857,5339,1,4
1597,1165,5652,1,3
1598,1230,868,1,1
1599,5143,2539,1,3
1600,1834,7166,1,2
1601,5610,9389,1,2
1602,916,6730,3,3
1603,301,9258,3,1
1604,1209,7553,2,3
1605,6121,1199,3,1
1606,6614,8374,1,3
1607,1320,6845,3,2
1608,4054,6507,1,2
1609,2028,1246,2,1
1610,3811,5657,2,3
1611,6643,6091,1,4
1612,1164,5905,2,2
1613,6697,5850,1,1
1614,3474,4112,3,2
1615,3676,5647,1,1
1616,311,9883,2,3
1617,234,1024,2,1
1618,2587,7918,3,2
1619,3456,1824,1,4
1620,4985,1879,2,3
1621,2103,4661,2,1
1622,2056,1061,1,1
1623,836,944,2,3
1624,923,7735,1,1
1625,2771,2318,2,4
1626,2793,8225,3,2
1627,2912,6123,1,3
1628,105,1672,1,2
1629,1647,7914,1,1
1630,2667,8966,2,1
1631,3526,7622,3,4
1632,3429,5882,2,2
1633,3707,5343,1,3
1634,6661,7779,1,4
1635,4305,9083,3,1
1636,2300,6159,3,3
1637,449,4713,1,2
1638,5563,3304,2,4
1639,3598,6960,2,2
1640,4684,5760,2,3
1641,5526,6427,2,2
1642,6069,4646,2,3
1643,3368,5636,2,1
1644,6282,529,1,4
1645,564,1334,1,4
1646,5700,4223,3,3
1647,626,4785,1,3
1648,716,4316,2,4
1649,6071,1905,3,1
1650,2761,8678,2,3
1651,1026,4626,3,2
1652,2572,5113,3,3
1653,2269,9576,3,4
1654,919,9947,3,2
1655,5336,4454,2,1
1656,3792,9276,2,2
1657,6706,288,3,1
1658,359,5250,3,2
1659,1175,6913,3,4
1660,724,9785,2,1
1661,1221,1728,1,3
1662,2930,5819,1,3
1663,2208,6588,1,2
1664,4012,6487,1,1
1665,3218,1824,1,3
1666,1564,515,3,4
1667,6434,4256,2,4
1668,5400,7263,3,4
1669,1361,4514,1,1
1670,2510,1020,1,4
1671,4183,3446,2,2
1672,2309,6495,2,3
1673,6179,5994,1,1
1674,974,5338,1,1
1675,4595,5704,1,1
1676,467,4165,2,4
1677,2299,8895,1,3
1678,5450,2360,2,1
1679,2435,2169,2,2
1680,500,1581,3,2
1681,1004,2590,3,4
1682,4680,1721,1,3
1683,1739,5246,2,2
1684,1657,8835,1,1
1685,5931,5466,1,3
1686,2168,4694,2,4
1687,1212,6450,2,1
1688,6504,2398,3,3
1689,5136,7313,2,3
1690,1650,9416,2,3
1691,904,8304,2,4
1692,3000,7246,3,1
1693,4235,6151,3,2
1694,6580,5616,3,4
1695,5439,3400,1,3
1696,5580,3563,2,3
1697,1533,8091,2,4
1698,6898,434,2,3
1699,798,9636,2,1
1700,4450,9014,3,2
1701,1386,2855,1,1
1702,548,9208,1,4
1703,3671,1824,2,1
1704,6469,6105,1,4
1705,4067,6295,3,2
1706,931,3407,3,3
1707,4451,5243,1,4
1708,3407,2415,2,3
1709,2889,7291,2,2
1710,6441,3998,3,1
1711,1689,1530,2,4
1712,3230,6643,2,2
1713,6359,823,3,1
1714,3872,4154,1,1
1715,6758,4375,3,3
1716,6066,2351,2,3
1717,5121,7878,3,1
1718,4784,4614,3,4
1719,2,5056,3,4
1720,4027,5721,3,2
1721,4196,3683,2,3
1722,2571,8225,1,2
1723,6631,8608,2,2
1724,692,9769,1,4
1725,4785,2750,2,4
1726,980,6217,3,1
1727,358,6691,2,4
1728,215,326,3,2
1729,3940,6168,1,1
1730,5537,3965,1,4
1731,1746,4495,2,3
1732,1329,9934,1,1
1733,5645,8029,3,3
1734,4170,6865,3,3
1735,5544,1286,2,3
1736,3307,8388,3,4
1737,5392,4482,1,4
1738,4280,457,2,2
1739,989,9350,3,3
1740,5499,8232,1,3
1741,5101,7896,2,4
1742,417,9651,1,4
1743,2587,1844,1,3
1744,1592,8198,3,3
1745,6289,3737,2,3
1746,2607,4714,3,2
1747,3685,3144,2,2
1748,5862,5407,2,1
1749,54,5385,3,4
1750,3013,589,3,3
1751,6704,5696,3,3
1752,4389,6753,2,3
1753,6200,7335,1,1
1754,2458,2152,1,3
1755,1354,1707,2,4
1756,118,9320,3,4
1757,3796,6131,3,2
1758,5215,4948,2,3
1759,4072,8972,1,4
1760,5545,6698,3,3
1761,2746,2204,2,2
1762,6881,678,2,4
1763,3311,6603,3,4
1764,5896,6116,1,1
1765,6562,6977,1,2
1766,1295,2581,1,2
1767,3469,1073,3,3
1768,4181,719,3,4
1769,2722,7282,1,3
1770,6424,1274,1,2
1771,6984,4363,1,3
1772,109,3204,2,4
1773,4405,6522,2,1
1774,5697,4395,1,3
1775,6146,2602,3,4
1776,603,3958,1,3
1777,4540,5406,3,1
1778,728,1626,2,1
1779,2142,1426,3,2
1780,1231,2177,1,3
1781,3842,5095,3,2
1782,494,9057,2,3
1783,4331,6387,1,1
1784,2476,6454,2,4
1785,6557,6268,2,2
1786,816,1421,2,1
1787,2627,7409,1,2
1788,6359,7584,1,4
1789,4671,7086,3,2
1790,2075,1688,3,1
1791,276,1489,1,1
1792,4568,4065,2,4
1793,2325,4254,3,1
1794,975,1685,3,1
1795,4442,3344,1,2
1796,2024,611,3,1
1797,6185,6253,3,2
1798,4772,8179,1,2
1799,250,2185,1,3
1800,5310,1854,2,3
1801,1883,8509,2,4
1802,6329,8700,3,1
1803,4869,5792,2,1
1804,1978,4837,1,4
1805,1257,3024,2,4
1806,640,5532,1,2
1807,3428,7706,2,3
1808,839,1368,2,1
1809,5300,1610,3,1
1810,1813,7278,3,4
1811,5846,756,3,3
1812,370,4879,1,1
1813,6024,3213,2,1
1814,6626,7537,1,1
1815,5625,106,1,4
1816,1789,6908,2,2
1817,5121,8148,3,2
1818,3895,8819,3,2
1819,4441,1955,3,3
1820,5218,2847,1,3
1821,2688,6877,1,4
1822,4480,3611,1,2
1823,5483,4882,1,2
1824,1237,5442,3,1
1825,4647,7949,2,2
1826,1123,4445,2,2
1827,1456,3620,1,3
1828,619,9956,2,3
1829,3322,2504,1,1
1830,1803,9935,2,2
1831,4574,3967,2,3
1832,1221,8958,3,4
1833,5541,5937,3,2
1834,5795,1672,1,4
1835,4824,2225,1,4
1836,2835,3673,2,3
1837,4335,1637,1,2
1838,5819,1426,3,2
1839,3140,4743,3,2
1840,3168,2813,1,2
1841,1366,1901,2,4
1842,5391,3473,3,3
1843,1632,7225,1,2
1844,2631,4249,3,2
1845,4190,8262,2,1
1846,6500,3309,3,3
1847,5369,5924,1,2
1848,1606,6738,2,3
1849,4252,7524,1,1
1850,1692,9316,3,2
1851,1702,8302,1,4
1852,3821,5203,3,1
1853,4818,5571,3,3
1854,6752,9906,3,1
1855,6310,8252,2,2
1856,627,5982,2,4
1857,6089,9855,1,1
1858,1174,5244,3,1
1859,4961,7456,3,4
1860,4222,5583,3,3
1861,1080,9623,2,4
1862,6555,3205,2,3
1863,3518,7077,2,4
1864,640,8922,1,3
1865,4491,3191,2,3
1866,6256,4063,2,2
1867,3545,4698,3,2
1868,5111,8179,3,1
1869,4878,7683,3,4
1870,1974,9345,1,1
1871,62,4203,3,4
1872,155,7399,3,2
1873,1371,774,2,3
1874,4758,6223,2,3
1875,5767,6857,3,1
1876,2184,5934,3,3
1877,4155,4890,2,3
1878,2466,6446,2,1
1879,5734,2097,2,4
1880,2574,653,1,4
1881,3303,1418,1,3
1882,375,7397,2,4
1883,4707,7932,1,4
1884,3009,8289,2,3
1885,6201,649,3,3
1886,5211,9257,2,3
1887,1198,6222,2,1
1888,6939,7188,2,2
1889,3591,7407,1,3
1890,5782,2077,1,2
1891,4169,4662,1,4
1892,5683,827,2,3
1893,4369,6375,2,2
1894,4221,7841,3,3
1895,2432,3416,3,3
1896,4562,7007,1,3
1897,3532,1678,2,4
1898,2121,4278,1,1
1899,6145,7518,2,1
1900,3640,9062,2,2
1901,3237,1621,2,4
1902,3867,1582,2,3
1903,510,8035,1,1
1904,5441,9080,2,3
1905,6188,318,1,2
1906,3201,4539,2,2
1907,5922,7885,2,2
1908,2161,4289,2,4
1909,3816,3216,2,2
1910,2654,7935,2,1
1911,5393,2246,3,1
1912,4982,8224,3,2
1913,2256,3215,2,2
1914,2503,6024,3,3
1915,2055,3642,1,4
1916,5940,849,3,3
1917,5556,7729,3,4
1918,5807,2749,2,1
1919,3186,6112,2,1
1920,242,5192,1,4
1921,5017,7066,3,4
1922,3944,594,3,2
1923,4594,3479,2,2
1924,951,8685,1,4
1925,3587,4204,3,3
1926,1916,1890,1,3
1927,5869,6712,3,4
1928,4081,9915,3,1
1929,3194,6323,3,1
1930,368,8447,3,4
1931,3453,2431,1,4
1932,1010,6749,2,4
1933,5130,345,2,2
1934,897,4488,1,2
1935,2340,2500,3,2
1936,3012,3103,1,1
1937,6683,3625,1,3
1938,4510,5091,2,1
1939,2274,4152,2,4
1940,4473,3856,3,3
1941,6854,9046,3,4
1942,6173,6867,3,4
1943,2531,8722,1,3
1944,5782,8742,1,1
1945,6564,5932,1,4
1946,4736,1213,3,3
1947,4959,3305,2,2
1948,5492,2358,1,3
1949,4697,217,3,1
1950,4075,8761,3,1
1951,5125,4119,3,2
1952,5878,5125,3,1
1953,1815,3307,2,3
1954,4872,9759,2,1
1955,5681,4401,1,4
1956,987,2874,1,2
1957,4648,1303,2,1
1958,1323,1442,1,3
1959,184,1914,1,4
1960,4357,9168,1,1
1961,2463,9370,2,1
1962,2710,7375,1,2
1963,3848,6594,1,3
1964,3536,586,1,4
1965,373,4705,2,2
1966,365,7890,1,2
1967,3198,5701,1,3
1968,4915,8797,3,1
1969,4544,6476,3,4
1970,5300,7446,1,3
1971,2732,8467,2,1
1972,6669,6365,3,3
1973,735,5262,3,4
1974,1677,8916,1,1
1975,1349,4828,1,1
1976,1997,3167,2,3
1977,2802,6628,3,3
1978,6194,7927,2,1
1979,2075,1142,2,1
1980,3382,1100,2,1
1981,2410,7428,1,1
1982,6102,8316,2,3
1983,1941,8771,1,2
1984,6632,1088,2,4
1985,1661,4547,2,3
1986,3526,7895,2,1
1987,236,4085,3,2
1988,2150,8343,1,4
1989,2485,798,2,1
1990,106,3831,3,3
1991,6566,5665,1,3
1992,3489,6909,1,1
1993,6234,5696,3,2
1994,6802,2357,1,1
1995,6423,5831,2,4
1996,5870,2669,2,4
1997,6200,513,3,3
1998,1202,9770,1,3
1999,5095,676,2,3
2000,4724,471,3,1